ID number,Assessment 1,Assessment 2,Online quiz 1 ,Online quiz 2,Online quiz 3,Online quiz 4,Group assignment 1,Group assignment 2,Assessment 3,Assessment 4,Group assignment 3, Group evaluation,Final exam,Class No,groupname,Student category
54002768,17.21,24.19,0,0,15,18.92,26.57,0,0,0,50,2,69,9,cl9tg2,domestic
54005658,66.5,0,22,18.14,29,19.91,22.35,17.04,60.54,24.07,42.5,1.88,63,2,cl2tg8,domestic
54010438,0,0,0,0,4.13,0,18.86,0,43.75,0,22.5,0,15,3,cl3tg7,international
54011658,60.67,29.07,27.5,18.4,24.5,18.52,25,19.29,66.11,27.61,35,1.72,75,20,cl20tg2,domestic
54012789,37.33,29.01,11,20,19.5,19.1,27.75,17.82,55.61,19.21,42.5,2,33,19,cl19tg6,domestic
54013792,47.44,27.23,15,18.71,19.88,0,27,0,48.22,27.76,47.5,0,45,21,cl21tg10,international
54018502,69.3,26.83,25,17.76,24,15.7,23.57,0,63.78,24.42,50,1.62,68,3,cl3tg6,international
54020391,66.89,0,24,19.5,28,18.15,29,0,66.35,0,30,0.94,35,21,cl21tg3,international
54020678,19.25,27.12,10.5,19.31,18.38,19.49,23,19.15,31.06,28.22,10,2,33,8,cl8tg5,domestic
54030996,0,28.17,0,0,0,15.98,25.29,16.5,15.56,0,32.5,2,10,4,cl4tg7,international
54031400,64.56,27.68,27.19,19.99,18,18.75,28.13,17.21,61.06,26.46,40,0,78,7,cl7tg1,domestic
54055936,70,29.42,17,19.4,20.5,17.51,27.75,18.78,50.6,16.13,22.5,1.8,49,11,cl11tg2,international
54057724,0,0,0,0,0,0,24.6,0,18.67,0,47.5,1.22,10,1,cl1tg6,domestic
54060699,69.61,28.75,24,16.13,26.5,18.79,25.88,17.07,52.89,27.23,45,1.78,46,2,cl2tg2,international
54061544,42.78,28.67,20.63,0,0,0,27,0,0,0,37.5,0.8,74,2,cl2tg3,international
54065096,67.67,0,26.63,0,13,14.87,24.38,0,64.5,0,40,1.24,41,21,cl21tg4,domestic
54067662,49.58,27.96,21,18.2,25,20,28.5,16.76,47.4,29.45,40,1.84,64,16,cl16tg4,international
54068014,68.6,29.19,19.13,17.73,28,18.69,28.2,18.36,10.5,0,22.5,2,40,12,cl12tg7,international
54069136,51.04,29.84,15,13.68,27,18.8,22.5,18.05,61.54,29.15,25,2,45,8,cl8tg7,international
54071403,0,21.86,0,0,0,0,24,0,0,25.22,22.5,0.64,10,10,cl10tg8,international
54076167,0,28.81,22,19.28,28,17.95,18.86,17.64,60.28,25.6,22.5,2,47,3,cl3tg7,domestic
54077942,68.44,0,18,18.53,27,17.83,29.14,17.28,61.25,25.88,45,2,55,16,cl16tg2,international
54079287,27.13,29.25,16,0,7.5,19.4,22.71,0,21.93,25.65,12.5,2,47,3,cl3tg4,domestic
54082154,69.42,26.57,13,18.35,29.5,19.9,18.83,19.73,67.67,25,40,2,52,2,cl2tg10,international
54085768,70,28.46,28.5,18.33,24,19.8,21.64,19.46,58.72,27.68,32.5,0.8,45,17,cl17tg3,international
54088138,63.78,29.25,28.13,18.34,23.5,19.06,28.17,17.11,62.22,25.95,40,1.84,74,15,cl15tg10,international
54089161,68.54,30,16.5,18.18,28.5,0,23.25,16.51,60.28,14.49,15,2,50,19,cl19tg3,international
54092340,0,0,27.45,19.35,29,0,28.13,12.35,62.56,0,45,1.8,34,10,cl10tg4,international
54098547,53.08,29.75,11.5,0,0,0,20.79,0,39.67,0,0,0,10,5,cl5tg5,domestic
54098744,49,27.76,12.5,0,21.75,18.97,18,18.08,52.21,29.33,22.5,1.74,61,9,cl9tg1,domestic
54101387,35,28.14,20.4,19.28,21,16.78,24,17.82,36.94,28.99,50,1.68,59,12,cl12tg1,domestic
54103411,0,28.98,0,20,0,17.9,26.63,19.65,0,0,40,1.4,10,18,cl18tg9,domestic
54105780,64.94,27.78,18,19.53,27,15.62,27,15.74,55.22,26.83,30,2,43,6,cl6tg8,international
54106548,0,29.75,12.5,19.56,22,19.27,21.75,18.17,44.72,22.92,47.5,2,51,12,cl12tg3,international
54113130,0,24.59,22.13,18.62,0,19.96,23.57,14.52,11.67,22.73,15,0,52,8,cl8tg3,domestic
54113219,67.38,28.99,19.13,17.77,29,19.36,28.5,19.38,58.33,26.19,40,1.7,42,16,cl16tg4,international
54114436,67.08,29.83,18,19.34,21.5,20,23.57,18.59,67.9,21.96,50,2,90,3,cl3tg6,domestic
54114871,55.27,29.75,27,19.42,30,19.08,29,18.07,63.29,26.61,15,2,75,10,cl10tg5,domestic
54116952,57.94,28.25,28.13,20,17.5,19.01,25.5,0,61.25,27.3,45,2,10,5,cl5tg11,international
54118039,23.92,27.42,11.63,0,0,0,24.5,0,0,0,12.5,2,10,3,cl3tg9,domestic
54122539,57.17,25.22,7.5,17.83,30,0,19.5,0,47.13,30,30,2,49,20,cl20tg1,international
54125850,68.25,26.16,16,16.46,20.5,19.94,28.88,18.39,58.1,19.56,22.5,1.96,37,16,cl16tg9,international
54126053,40.4,27.35,26,14.9,24,18.32,25.5,14.55,55.43,24.91,27.5,1.92,69,20,cl20tg9,domestic
54136074,69.13,29.67,23.81,20,27.75,15.02,28.17,19.73,59.89,23.63,40,1.8,10,15,cl15tg10,international
54139948,29.07,29.7,16.2,16.98,19,19.88,24,17.35,45.89,24.3,45,1.76,49,5,cl5tg4,domestic
54142105,20.61,26.59,4,0,10,17.69,30,18.54,19.25,26.75,0,0,37,7,cl7tg9,domestic
54143308,60.2,30,22.5,18.24,21,17.74,20.57,16.61,57.94,28.28,40,2,78,1,cl1tg1,domestic
54146184,0,0,17,0,1.88,19.9,21.75,0,46.43,0,0,1.44,10,8,cl8tg10,international
54147682,42.78,28.48,7.5,0,15.75,19.7,15,15.77,46.28,25.33,40,1.56,77,7,cl7tg4,domestic
54150565,64.17,21.35,15.5,17.8,22,19.38,23,19.01,59.27,24.99,40,2,75,6,cl6tg7,international
54151997,68.25,28.47,25.5,19.66,27.5,17.59,27,18.73,61.83,27.32,45,1.98,97,17,cl17tg2,domestic
54152056,66.11,26.91,14,15.69,21,18.8,22.8,17.48,52.97,27.63,50,2,89,11,cl11tg6,domestic
54153336,45.5,27.88,18,17.26,14.25,19.46,26.57,20,52.5,28.46,40,2,55,12,cl12tg8,international
54154249,66.89,28.01,0,18.6,27,18.8,27,18.29,58.33,29.02,50,2,86,21,cl21tg7,domestic
54159264,53.67,29.52,27.5,19.06,26,19.4,26.33,18.52,54.83,25.28,35,2,62,10,cl10tg1,domestic
54165846,38.35,28.96,14.4,18.36,18,19.4,21.94,12.97,39.44,26.45,27.5,1.9,64,9,cl9tg11,domestic
54173318,65.72,28.13,10.5,14.61,16.05,19.7,22.07,16.8,64.26,22.39,32.5,2,56,20,cl20tg5,international
54173719,56.39,28.92,20.63,0,0,0,30,16.84,0,25.62,0,1.64,51,7,cl7tg9,international
54174835,45.5,27.31,12,18.59,28.5,17.89,28.13,0,62.22,0,35,2,46,17,cl17tg6,international
54179213,0,0,0,0,0,0,25.71,0,29.17,0,17.5,2,34,17,cl17tg8,international
54179377,66.5,29.83,26.5,15.07,27.75,19.7,22,0,61.83,15.57,40,2,40,18,cl18tg6,international
54181071,0,0,20.5,0,13.5,19,23.14,0,54.69,25.3,2.5,1.19,47,1,cl1tg10,domestic
54182064,47.06,26.09,20,14.93,18.5,19.75,25,17.62,57.56,25.87,10,1.5,64,15,cl15tg2,domestic
54191573,12.06,28.69,2.5,19.98,5.44,0,21.5,13.84,0,0,37.5,2,35,19,cl19tg1,domestic
54193643,69.61,27.31,25.5,19.7,0,0,27,15.13,0,0,30,2,60,6,cl6tg8,domestic
54198993,67.67,0,29.25,0,24.5,16.32,27,0,63.73,28.59,47.5,2,77,21,cl21tg10,international
54202535,43.56,29.61,0,0,8.63,20,26.5,18.67,35.39,25.38,47.5,2,23,17,cl17tg1,international
54207837,29.56,28.13,3,0,1.5,17.05,21.75,18.63,11.28,0,47.5,0.12,41,12,cl12tg3,domestic
54223635,0,0,12.6,0,19.5,0,30,0,47.06,0,0,1.6,28,7,cl7tg9,international
54232480,68.13,25.79,20.25,16.27,13.5,17.53,27,18.84,61.06,27.32,45,2,70,17,cl17tg2,international
54238382,66.97,29.16,28.5,18.26,26.25,19.61,26.4,18.04,49.78,29.75,22.5,0,48,19,cl19tg7,international
54243373,49,28.45,0,0,0,18.94,28.29,16,0,0,32.5,1.16,10,8,cl8tg1,international
54247728,30.72,28.48,13.5,15.52,25,15.55,27,16,44.04,25.62,45,1.22,44,17,cl17tg7,international
54256256,63.78,26.91,22.5,15.82,22.8,19.7,24.6,16.35,63,22.08,35,2,79,3,cl3tg10,domestic
54261573,45.89,30,7,19.46,16,15.88,27.86,18.07,52.11,22.47,32.5,0,64,4,cl4tg4,domestic
54262088,66.5,25.49,16.5,15.35,25.5,19.94,29,19.2,56.17,21.81,30,2,33,17,cl17tg4,international
54263383,66.97,26.34,21,19.76,0,17.05,23.14,0,63,26.73,40,1.78,52,20,cl20tg8,domestic
54264346,66.5,29.33,26.5,18.34,27.83,19.3,26.57,17.66,61.83,27.42,50,2,99,9,cl9tg2,domestic
54266721,63.7,29.55,27,17.79,23,18.74,23.57,19.17,65.63,27,45,2,85,8,cl8tg2,domestic
54268025,42,0,14.25,0,0,0,25.2,0,28.88,0,40,0,41,9,cl9tg6,international
54270995,44.63,0,13.5,0,0,0,21.56,0,0,0,42.5,0.04,78,9,cl9tg8,international
54272758,58.92,28.91,26.5,19.7,18.5,20,24.38,18.49,58.63,26.77,40,2,60,4,cl4tg6,domestic
54282278,68.44,26.32,24,17.54,28.5,15,27.5,18.67,61.44,20.74,50,2,52,12,cl12tg5,international
54282714,69.22,27.17,20,11.76,16.5,19.6,29.14,19.59,60.52,26.49,45,2,44,16,cl16tg2,international
54286668,68.83,28.22,27.5,17.73,27.75,19.61,26.14,19.76,54.98,23.96,50,1.4,46,4,cl4tg9,international
54296926,62.61,26.96,24.6,18.8,28.13,15.99,26.57,16.16,53.89,28.38,12.5,1.88,41,5,cl5tg2,international
54300360,44.04,26.09,16.5,18.66,2,0,25.5,0,31.03,25.38,27.5,2,53,6,cl6tg10,domestic
54300423,68.83,28.9,24.75,18.7,26.5,18.34,24.43,19.54,56,23.82,17.5,1.98,42,4,cl4tg5,international
54303233,0,0,0,0,0,0,17.5,0,29.17,0,50,0,10,20,cl20tg11,international
54303624,32.38,0,0,0,0,0,23.57,0,0,0,42.5,0,10,4,cl4tg8,domestic
54306590,49.29,0,13.5,0,0,18.29,21.21,18.12,47.83,26.45,27.5,1.76,35,10,cl10tg3,domestic
54306784,70,27.23,12,18.91,27.5,18.68,25.5,18.44,57.87,28.74,47.5,2,45,16,cl16tg7,international
54308051,35.7,29.4,20.25,16.47,20,19.38,15.5,14.99,61.83,22.75,35,1.08,66,1,cl1tg5,domestic
54309386,66.11,22.33,10.88,16.56,27,19.69,25.29,0,55.77,26.85,40,1.7,49,2,cl2tg6,international
54311717,52.21,27.02,26,18.34,0,19.9,28.88,18.4,51.33,23.56,37.5,1.56,48,2,cl2tg1,domestic
54322214,32.67,24.24,20.63,18.04,23,18.56,24.33,15.03,56.39,28.46,35,2,50,3,cl3tg8,domestic
54326106,17.97,26.14,3.5,18.5,8.5,18.8,24.33,18.09,49,26.83,35,2,40,3,cl3tg8,domestic
54327805,64.46,27.17,14,12.25,20,19.7,29,0,56,18.15,30,1.64,51,21,cl21tg3,international
54335121,62.56,26.74,22,17.78,27.5,18.58,23,15.96,63.58,28.68,25,1.92,63,7,cl7tg6,domestic
54338358,25.67,30,0,0,19.5,19.7,22.88,17.47,42.44,25.49,50,1.84,48,5,cl5tg1,domestic
54339640,64.87,26.12,27.6,17.28,29,19.21,25.5,17.1,50.75,20.35,32.5,1.52,33,1,cl1tg8,international
54340143,70,29.6,17.1,0,21.75,18.69,24.86,19.35,57.83,28.96,32.5,2,68,15,cl15tg6,domestic
54346925,42,26.57,27.5,17.39,25.88,19.16,24.5,15.98,58.72,24,12.5,2,50,4,cl4tg3,international
54347098,66.27,28.87,25,17.47,22.5,18.06,24,20,66.5,28.23,45,1.98,86,5,cl5tg4,international
54351255,0,0,7,0,18,15.4,28.29,0,57.64,25.64,50,1.68,85,6,cl6tg2,international
54354253,62.22,29.89,15,0,23,15.72,26,18.32,56.58,0,37.5,0,63,19,cl19tg9,international
54354696,57.75,28.7,14.1,18.5,19,18.21,26.4,0,57.36,26,27.5,1.12,63,16,cl16tg6,domestic
54355061,43.17,29.29,24,20,19.5,19.12,26.33,18.27,61.13,23.83,35,2,84,10,cl10tg1,domestic
54361994,67.67,27.59,24.38,19.46,20.63,17.28,24,18.64,63.39,22.91,45,1.86,98,5,cl5tg4,domestic
54364386,68.83,29.23,22.2,16.41,22.5,19.38,22,19.04,61.83,27.59,40,2,49,7,cl7tg10,domestic
54367897,59.11,29.41,28,19,18,19.92,20,19.25,50.75,28.73,35,0,64,3,cl3tg3,domestic
54371596,0,0,0,0,2.25,0,17.5,0,0,0,50,0,27,20,cl20tg11,international
54378825,46.28,22.25,7.5,19.6,15.5,20,29.25,18.47,57.17,27.49,0,1.18,83,18,cl18tg3,international
54380202,63.93,29.67,20.25,19.44,26,18.2,27.75,16.24,59.89,23.37,22.5,0,96,11,cl11tg2,domestic
54380429,4.67,0,0,0,0,0,26.57,0,0,0,40,0,50,12,cl12tg8,domestic
54380818,41.42,24.23,22,0,17,17.18,28.5,17.52,61.44,23.7,40,1.8,57,16,cl16tg4,domestic
54381771,70,27.85,13.5,19.04,27.75,0,14.14,0,50.75,7.59,0,0,39,20,cl20tg10,international
54385365,38.73,28.44,9.45,14.83,27.75,19.43,23,18.69,0,25.02,10,2,45,8,cl8tg5,domestic
54386226,35,0,27,19.03,0,0,22.5,20,36.56,25.85,30,2,56,4,cl4tg1,domestic
54391844,0,0,0,0,0,19.18,23.57,18.36,18.67,21.03,15,1.6,10,8,cl8tg3,domestic
54393604,65.83,14.67,14,18.2,22.13,16.99,27,17.33,57.17,23.98,47.5,2,36,21,cl21tg10,international
54395175,65.72,29.74,28.5,16.69,25.5,19.95,23.57,0,59.65,27.78,50,1.62,49,3,cl3tg6,international
54397221,29.4,27.08,17.5,17.09,13.13,19.88,25.29,17.58,47.83,27.67,32.5,1.98,52,4,cl4tg7,domestic
54399840,69.61,26.71,24.5,19.21,27,18.43,16,14.25,63.36,22.75,45,1.16,41,2,cl2tg5,international
54402597,48.42,29.94,27,14.41,30,19.7,24.86,20,61,29.07,50,2,80,9,cl9tg9,domestic
54415391,0,27.88,1.5,0,16.05,18.46,18.83,0,61.46,28.5,40,2,47,1,cl2tg10,domestic
54417358,68.06,0,5.63,0,0,0,24,0,0,0,50,0.28,43,3,cl3tg1,international
54426826,32.28,27.57,25.5,19.15,16.88,20,24,11.49,48.85,28.42,20,1.76,46,1,cl1tg4,domestic
54430127,6.27,24.78,21.5,18.06,15,0,15,0,36.56,21.99,40,0,42,7,cl7tg4,domestic
54431826,0,0,0,0,0,17.6,15.5,0,61.06,0,35,0.36,56,3,cl3tg9,international
54432266,58.33,30,23,19.04,30,19.79,27,19.4,52.11,24.49,50,1.94,79,21,cl21tg7,domestic
54435687,66.89,27.01,16.88,14.6,24,20,27.5,20,59.79,28.55,50,0,49,12,cl12tg5,international
54436734,51.63,27.92,20.63,19.73,19.13,19.91,22,17.61,66.11,29,47.5,1.56,40,16,cl16tg8,domestic
54436835,69.22,26.81,15.5,17.85,11,19.2,24,15.95,58.33,26.98,30,2,44,19,cl19tg10,international
54437721,0,0,0,0,6.3,20,19,18.9,42.35,28.32,32.5,1.98,47,4,cl4tg2,domestic
54441116,56.88,28.63,11.5,17.77,13.5,19.4,25.5,18.59,45.03,22.74,27.5,0,60,6,cl6tg10,international
54443080,0,0,0,0,0,0,20.83,0,9.33,0,32.5,0,38,9,cl9tg3,domestic
54445238,69.13,29.74,24.9,0,19.8,9.05,19.2,0,57.17,26.98,30,1.62,41,17,cl17tg5,international
54446140,0,0,0,0,5.06,0,25.88,0,22.56,0,0,0,25,17,cl17tg9,domestic
54447392,61.02,28.96,11,20,21.5,15.09,24,0,49.67,26.51,47.5,1.6,78,5,cl5tg10,international
54456098,69.22,28.6,24,20,30,19.4,28.31,19.74,62.71,25.36,47.5,2,57,16,cl16tg5,international
54460882,68.25,28.11,25.5,17.9,29.5,19.03,25.5,17.59,61.58,25.01,27.5,0,47,6,cl6tg10,international
54462907,44.33,25.54,13.5,20,26.5,18.18,16.8,20,50.17,17.54,17.5,1.98,49,6,cl6tg11,domestic
54464672,63.78,29.76,15.5,0,17.5,10.72,21.64,19.56,0,24.14,32.5,0,73,17,cl17tg3,international
54465385,61.44,26.9,16.5,0,17.25,18.8,27.38,17.35,49.29,25.68,50,1,45,6,cl6tg1,domestic
54473419,63,27,14,17.53,26.5,18.55,28.88,19.72,62.22,27.78,22.5,1.98,78,16,cl16tg9,international
54474825,63.29,28.3,18,17.76,20.4,19.4,19.2,18.86,56.7,20.43,30,1.82,45,17,cl17tg5,domestic
54476184,66.5,28.17,20.25,15.42,23.5,19.66,28,20,57.46,27.93,15,1.64,61,18,cl18tg7,international
54480157,30.72,27.31,19.5,19.99,18.5,18.65,26,16.37,44.33,26.03,32.5,2,44,21,cl21tg8,domestic
54483082,36.75,0,19.88,18.64,10,19.83,27,17.99,28.88,28.17,50,1.84,42,15,cl15tg4,domestic
54484006,66.5,27.75,23.5,19.4,30,20,28.88,17.04,51.72,25.26,25,1.88,66,16,cl16tg11,international
54491769,53.2,28.89,19,19.7,19.2,19.06,23.57,16.53,46.67,26.76,42.5,1.76,84,4,cl4tg8,domestic
54491891,45.5,28.9,22.5,19.38,25.13,19.9,26.4,19.73,63.58,28.19,27.5,0,78,15,cl15tg7,domestic
54492358,69.42,28.3,27.15,19.83,0,19.42,27,13.33,63,25.94,50,2,91,15,cl15tg4,domestic
54503726,0,28.62,5,15.75,23,0,28.13,14.49,49,25.54,45,1.2,56,10,cl10tg4,international
54509902,59.89,26.91,26.63,19.01,21.38,18.06,24,18.03,63.7,27.44,50,1.88,85,12,cl12tg1,domestic
54509977,64.56,29.5,25.13,16.09,26.1,19.18,19.5,18.87,53.28,26.43,30,2,52,20,cl20tg1,international
54510021,58.72,28.31,19.83,19.6,29,17.6,28,17.19,67.64,29.22,35,2,81,19,cl19tg2,international
54517865,29.56,23.7,16.2,19.25,28,0,16.8,0,39.28,27.2,17.5,0.38,10,6,cl6tg11,domestic
54518041,69.42,27.23,15,17.97,21.9,19.18,26.57,17.31,56.39,28.74,40,2,41,12,cl12tg8,domestic
54523837,40.83,24.62,13.2,12.29,17,17.29,24.86,17.41,34.61,25.46,50,2,34,9,cl9tg9,domestic
54527822,52.21,29.23,23,18.9,18,18.79,28,15.95,60.28,26.92,42.5,2,49,7,cl7tg3,domestic
54536673,0,28.82,16.5,16.49,0,18.4,27.6,13.33,12.1,0,0,2,10,15,cl15tg9,domestic
54542414,62.71,27.77,21,0,0,17.07,19,18.42,62.71,26.77,32.5,2,57,4,cl4tg2,domestic
54546615,56.23,28.72,16.8,17.92,19,16.41,27.5,18.09,53.43,27.62,22.5,1.74,67,6,cl6tg4,international
54551105,62.53,29.41,25,18.76,27,20,27.38,18.34,51.1,27.73,50,1.76,35,6,cl6tg1,international
54551852,19.44,23.22,14,16.28,7,0,27.43,18.01,52.94,0,22.5,1.36,51,2,cl2tg7,domestic
54552036,68.06,29.48,14.5,14.95,17,19.2,27.6,20,61.37,27.46,0,2,45,15,cl15tg9,international
54553676,16.1,25.37,9,17.14,15,0,24.6,16.96,43.17,26.53,35,1.86,49,3,cl3tg10,domestic
54553936,57.17,24.54,23.25,0,18,16.35,25.5,18.04,63.78,23.06,10,1.86,36,16,cl16tg1,domestic
54556642,42,28.01,14.25,19.09,25.5,17.13,18.86,0,59.11,26.85,12.5,1.99,47,12,cl12tg9,domestic
54570988,38.97,29.93,18,0,12.3,19.4,22.8,0,43.17,0,50,1.64,41,11,cl11tg6,domestic
54571193,65.33,29.51,22.13,0,10.88,0,26.57,12.68,57.56,15.98,32.5,0.6,45,18,cl18tg1,international
54584507,58.33,29.91,18,18.8,20.5,19.1,27,18.75,58.33,0,37.5,2,68,2,cl2tg3,domestic
54586539,56,28,15.75,15.79,24.75,19.21,23,15.41,64.75,26.03,10,2,45,8,cl8tg5,domestic
54587457,68.06,28.93,19,17.04,26,17.22,27,17.23,54.83,28.32,15,2,71,3,cl3tg5,international
54592632,64.17,25.81,27,15.24,27.5,0,27.86,19.37,62.07,27.92,32.5,2,84,4,cl4tg4,international
54596584,66.11,28.54,11,18.86,9.5,20,23.57,19.4,56.57,23.25,0,1.52,41,20,cl20tg4,international
54604001,54.44,0,24,19.13,29.7,19.7,24,17.7,59.73,0,50,2,51,3,cl3tg2,domestic
54604524,33.83,27.15,18.5,19.26,15.5,19.98,24,0,30.8,26.78,47.5,2,32,21,cl21tg9,domestic
54605093,43.94,26.97,29,16.92,26.25,19.7,25.5,0,33.72,0,47.5,2,45,16,cl16tg7,international
54606066,36.56,25.66,0,18.96,9.19,18.78,25.29,18.6,30.33,27.19,15,2,37,21,cl21tg1,domestic
54616081,65.63,28.31,22.5,20,29,18.33,22.33,19.76,50.46,22.82,0,1.8,44,18,cl18tg8,international
54618805,24.97,25.05,14.63,19.08,17,13.92,25.5,11.83,34.61,25.67,32.5,1.56,39,9,cl9tg5,domestic
54624720,0,27.47,24,19.01,19,19.95,28.29,17.01,56,26.46,45,2,37,7,cl7tg2,domestic
54625245,67.96,28.64,15.5,16.99,13.88,17.9,23.63,18.44,61.5,28.48,0,2,41,8,cl8tg6,international
54626866,48.13,25.03,24,0,16,18.16,22.29,0,58.8,24.96,45,2,62,16,cl16tg10,domestic
54638798,52.97,0,17,15.56,28,0,26.63,0,52.11,24.3,40,1.94,36,18,cl18tg9,international
54645335,68.69,20.49,19.5,17.43,0,19.17,22.07,18.6,50.75,0,42.5,0.32,51,11,cl11tg1,international
54648027,0,29.41,21.5,19.4,15,0,17.5,0,46.67,0,50,0,69,20,cl20tg11,domestic
54648046,62.61,28.26,18.75,0,13,19.5,21.56,0,50.17,24.69,42.5,0,28,9,cl9tg8,international
54651817,60.08,28.35,27,18.93,26,18.4,26.5,16.7,67.17,25.97,50,1.9,88,8,cl8tg4,international
54652999,9.33,26.78,9,0,12,18.93,15,18.83,33.83,24.95,40,1.16,37,7,cl7tg4,domestic
54656302,69.3,29.46,18,13.46,3,0,28.17,13.04,59.79,23.88,40,2,49,15,cl15tg10,international
54656897,65.33,28.46,28.5,19.52,22.5,18.87,25.13,18.76,59.11,27.99,45,0,84,1,cl1tg3,international
54658070,59.5,28.5,24.5,19.73,15.38,19.46,28.88,18.86,57.31,26.65,37.5,2,90,2,cl2tg1,international
54661130,55.61,23.99,15,18.95,21,15.45,24,19.43,55.53,24.19,50,1.64,50,12,cl12tg1,domestic
54662646,32.08,26.71,29.25,18.75,25.88,19.4,24.38,17.71,61.06,28.67,40,0,48,4,cl4tg6,domestic
54670996,50.56,29.41,14.1,18.51,17.5,17.98,22.07,18.9,68.18,24.84,32.5,2,90,20,cl20tg5,international
54672667,70,27.26,29,17.9,28,19.57,21.75,16.53,68.06,29.11,0,2,51,8,cl8tg10,domestic
54673018,63.39,24.48,9.75,18.6,26.5,14.13,20.57,17.13,60.28,25.84,40,1.24,61,1,cl1tg1,international
54678945,43.56,27.62,15.75,0,30,20,23,14.66,0,26.27,25,1.66,45,7,cl7tg6,international
54679890,28.29,29.41,26,18.94,19.88,19.96,24,18.89,62.22,28.36,32.5,1.8,39,1,cl1tg7,domestic
54684048,54.83,29.96,0,0,1.5,0,24,0,58.04,24.73,47.5,2,72,5,cl5tg10,domestic
54693289,67.96,25.27,18,18.63,25.5,15.08,25.5,14.2,57.17,28.64,32.5,1.9,21,9,cl9tg5,international
54694799,68.83,25.72,27.5,19.29,28.5,19.64,28.29,19.43,64.56,25.75,32.5,0.72,32,8,cl8tg1,international
54701016,35,29.71,12,17.87,17.5,19,20.33,19.17,51.72,25.97,42.5,2,88,10,cl10tg7,domestic
54702184,37.92,27.45,18.3,17.43,7.8,18.05,28,18.87,45.89,27.4,42.5,2,47,11,cl11tg8,domestic
54702267,50.75,28.81,20.5,18.72,28,19.47,27.5,20,58.57,24.98,0,2,45,18,cl18tg5,international
54702755,32.2,27.27,18.5,16.1,18,19.5,16.8,15.2,40.83,26.24,25,1.6,60,20,cl20tg6,domestic
54703704,61.83,28.93,0,18.67,23.1,19.1,22,19.64,56.78,24.39,10,0,45,2,cl2tg4,domestic
54710389,68.25,30,0,0,28.5,17.6,28.13,0,61.6,26.65,45,1.42,44,10,cl10tg4,international
54719868,56.23,28.56,4.13,17.28,2,0,26.06,14.47,67.22,27.81,12.5,1.82,52,20,cl20tg7,international
54719902,54.44,0,19.5,17.39,10.5,16.74,25.29,16.48,38.5,24.84,40,0.8,35,2,cl2tg6,international
54721176,68.83,27.38,18.5,11.46,14,10.64,28.8,17.04,62.27,26.62,0,2,34,16,cl16tg3,international
54723611,5.44,27.49,7.5,19.77,18,0,23.25,19.35,54.44,24.53,42.5,0,63,10,cl10tg10,domestic
54727014,47.6,15.23,16,15.88,0,18.34,18,0,47.25,22.48,22.5,0.44,37,9,cl9tg1,international
54730382,63,26.63,18.5,19.36,28,18.69,28.13,17.81,56.88,26.29,35,2,49,17,cl17tg6,international
54732015,67.67,25.35,22.5,19.7,27.38,19.04,24.38,16.15,62.22,25.99,50,2,62,1,cl1tg2,domestic
54733666,63.47,25.87,23.1,15.39,17.63,16.34,25.5,18.22,49.47,27.39,47.5,2,41,16,cl16tg7,international
54745907,50.17,29.41,27,17.35,27,17.39,23.25,0,56.58,18.22,42.5,0,61,10,cl10tg10,domestic
54746349,65.8,28.57,25.65,11.58,25.5,0,23.57,20,64.56,26.44,15,1.6,47,8,cl8tg3,international
54747741,63,27.67,26.5,19.19,29.5,19.1,27.43,17.85,54.44,20.68,22.5,0,39,2,cl2tg7,international
54750697,62.5,26.67,21,16.75,22.5,19.79,22.71,18.23,42,28.31,30,2,91,10,cl10tg2,domestic
54751141,51.63,30,25.5,20,14.63,18.31,22,18.04,59.79,27.29,40,2,46,7,cl7tg10,domestic
54757548,45.11,27.89,9.38,16.53,24.5,17.29,22,16.21,54.25,18.04,40,2,44,18,cl18tg6,international
54763428,16.72,26,0,17.01,5,18.18,24.38,9.5,29.6,19,40,0,19,21,cl21tg4,domestic
54767734,42.39,28.38,21,16.7,18.5,19.21,24,16,56.78,25.98,42.5,1.86,53,5,cl5tg7,international
54778169,68.83,29.42,22.13,19.08,28.5,0,28.88,16.92,68.13,22.17,25,1.64,47,16,cl16tg11,international
54780346,0,0,23.1,19.24,14.25,19.3,28.13,15.53,47.06,26.73,50,1.64,56,15,cl15tg8,domestic
54785055,67.38,28.16,17.5,16.05,28.88,16.99,18.83,19.8,68.54,27.42,40,2,40,2,cl2tg10,international
54785268,66.89,26.64,24.9,17.46,28.5,19.22,27.38,19.83,56.58,18.33,0,2,41,11,cl11tg4,international
54785486,55.71,28.01,16.5,19.2,5,19.5,27.75,18.63,14.58,29.46,42.5,2,59,19,cl19tg6,domestic
54787770,49.78,28.03,14.1,16.16,19.5,18.21,21.5,0,10.27,26.97,37.5,0,42,19,cl19tg1,domestic
54792821,49,30,24.5,17.69,18.56,19.9,27,18.82,60.83,22.32,7.5,2,49,8,cl8tg9,domestic
54797066,34.42,27.01,6.5,19.21,15,19.3,21.94,18.32,34.61,28.05,27.5,1.56,36,9,cl9tg11,domestic
54801899,66.89,29.25,0,0,30,14.45,23.14,0,66.36,28.45,15,0,41,8,cl8tg7,international
54803919,60.67,28.84,16.13,18.95,21,19.06,25.5,18.32,20.81,22.88,10,1.84,61,16,cl16tg1,international
54804621,48.77,28.61,0,0,0,20,27.5,18.27,51.33,23.7,50,0,52,12,cl12tg5,domestic
54809883,0,29.48,27.5,13.96,26.5,19.19,27,18.98,51.33,28.46,42.5,1.75,68,11,cl11tg9,domestic
54825604,50.75,26.17,21.94,0,21,18.5,22.07,19.43,52.11,23.95,42.5,2,44,11,cl11tg1,international
54828026,61.54,27.14,9,16.92,28,18.16,26.4,19.26,64.94,24.75,17.5,2,44,19,cl19tg4,international
54831329,68.25,26.97,18,19.33,30,19.7,28.31,17.96,62.22,26.48,47.5,0,96,16,cl16tg5,international
54831989,68.25,28.52,21.38,12.5,26,19.08,25,19.9,58.72,22.32,47.5,1.98,81,5,cl5tg8,domestic
54832231,67.28,28.77,11,13.33,19.5,0,22.29,19.05,60.52,27.81,45,2,41,16,cl16tg10,international
54834939,37.92,27.57,19.33,19.47,19,18.13,23.25,17.17,56.39,25.57,25,0,45,12,cl12tg4,domestic
54849873,63.78,29.12,25.69,17.85,25,17.7,23.4,17.06,63,26.38,25,0,78,19,cl19tg8,international
54860615,57.17,27.81,10.5,19.03,29,17.44,24,19.24,54.98,30,50,2,58,18,cl18tg4,international
54867588,59.21,29.02,16.88,19.12,27,19.5,24,12.19,59.11,25.76,32.5,2,45,6,cl6tg5,international
54868950,65.72,28.5,29,18.35,28.5,19.29,26.5,17.73,64.56,29.65,50,1.62,51,8,cl8tg4,international
54869229,45.89,28.58,16.13,18.74,13,16.09,26.25,10.38,59.13,25.75,30,0,41,9,cl9tg4,domestic
54869430,47.48,29.23,0,0,24,18.92,18,19.11,48.13,26.04,22.5,1.62,39,9,cl9tg1,domestic
54879293,60.96,27.24,20,18.45,24.38,19.19,24,16.82,67.43,28,50,2,85,3,cl3tg1,domestic
54884902,66.89,27.9,21.94,16.8,27.75,20,24,17.16,63,23.16,50,2,50,3,cl3tg2,domestic
54888032,68.64,28.89,27,20,28,18.9,27.38,19.34,51.8,24.45,50,1.8,82,6,cl6tg1,domestic
54894083,38.73,30,19,16.31,27,18.37,24,18.64,0,27.8,22.5,1.6,48,10,cl10tg8,domestic
54900672,48.3,26.95,17.5,20,18.9,19.89,28.17,20,54.69,28.21,40,1.88,41,15,cl15tg10,domestic
54901031,29.4,28.55,15,0,27,11.45,20.33,18.14,57.75,25.13,42.5,2,75,10,cl10tg7,international
54902560,64.56,28.3,12,18.85,10,17.33,26.57,16.14,56,27.61,42.5,1.9,73,12,cl12tg10,international
54904607,67.28,29.29,27.75,11.97,27.38,16.09,21.6,13.93,52.5,10.46,0,2,45,11,cl11tg5,international
54909320,27.65,25.6,15.15,18.96,19,20,20.83,19.71,27.07,28.56,32.5,0,36,9,cl9tg3,domestic
54910680,36.94,25.63,20.5,0,20.63,19.18,18.86,18.37,39.28,23.17,12.5,1.99,71,9,cl9tg10,domestic
54911872,66.79,25.26,25.5,17.86,27,18.81,25.29,19.29,51.48,16.87,15,1.82,53,21,cl21tg1,international
54914036,33.13,29.46,13.8,18.99,17.25,18.7,21.94,16.54,30.63,25.01,27.5,1.64,28,9,cl9tg11,domestic
54920228,29.94,27.13,14.5,19.38,21,19.43,16,16.44,50.87,25.38,45,1.72,60,2,cl2tg5,domestic
54921612,19.44,30,26,19.9,18.5,19.4,27.75,20,35.39,26.46,42.5,2,36,19,cl19tg6,domestic
54922678,70,29.25,27.5,20,23.25,19.78,28.88,18.41,54.06,18.84,42.5,1.98,42,11,cl11tg3,international
54923317,65.57,27.24,16.5,15.89,27.56,18.99,28,0,59.11,0,15,1.82,48,18,cl18tg7,international
54929389,40.6,23.46,13.2,0,14,18.03,25,20,58.53,25,10,0.84,44,15,cl15tg2,international
54930664,55.22,26.29,15.5,0,15.15,19.66,24.38,0,45.5,22.76,22.5,0.76,51,21,cl21tg2,domestic
54931126,69.3,28.84,27.75,19.79,29.5,19.43,28,18.26,64.6,28.1,45,2,88,7,cl7tg8,domestic
54936000,64.94,30,19.31,17.8,29,18.58,26.57,18.34,55.85,27.1,32.5,1.76,80,18,cl18tg1,international
54937378,66.79,28.76,13.5,19.44,24,19.54,25.5,16.96,49.78,21.44,27.5,1.78,46,20,cl20tg9,international
54938523,65.72,10.96,23.5,18.84,0,11.06,27.38,19.61,68.06,19.86,0,2,70,11,cl11tg4,international
54949072,56,0,15.5,0,16.5,0,30,0,47.83,27.71,0,0,69,7,cl7tg9,international
54949251,64.94,27.63,19.5,20,10.5,0,0,16.12,56,0,47.5,0,63,15,cl15tg1,domestic
54950038,46.9,28.75,22,20,18,19.2,24,19.04,58.72,26.08,50,0,80,9,cl9tg7,domestic
54962676,9.72,0,0,0,0,0,26.57,0,52.5,18.28,42.5,0,59,12,cl12tg10,domestic
54963184,59.03,28.38,13.5,19.94,24,19.64,22.71,17.54,52.89,27.26,30,2,44,10,cl10tg2,domestic
54965741,0,27.48,0,0,0,0,23,0,31.36,0,40,1.8,42,6,cl6tg7,domestic
54972560,31.11,28.92,15,18.47,13,17.8,19,0,42.12,26.39,32.5,2,57,4,cl4tg2,domestic
54975098,42.88,25.59,20.1,17.51,19.5,0,28.13,17.63,36.75,21.09,35,2,48,17,cl17tg6,international
54978008,68.83,28.53,19.5,0,28,12.36,23.57,0,50.56,0,42.5,0.24,41,4,cl4tg8,international
54979832,13.61,29.41,10,19.1,28.5,18.5,22.5,18.67,59.73,28.77,30,1.84,42,4,cl4tg1,international
54983060,49.73,27.73,18.75,14.77,28,0,26.63,19.35,50.56,27.99,40,2,40,18,cl18tg9,international
54987297,31.97,12.43,15,16.88,20.5,15.53,18.86,17.67,54.98,17.99,22.5,0,44,15,cl15tg5,international
54991908,43.4,29.13,22,0,23,19.41,24.86,18.41,63.36,26.23,32.5,2,73,15,cl15tg6,domestic
54993961,56.88,27.44,20.44,18.49,29.25,17.55,28,18.61,52.5,25.38,15,1.94,48,18,cl18tg7,international
54995530,35.78,28.13,6.5,18.26,9.9,0,28.13,17.85,40.25,29.2,40,0,55,7,cl7tg1,domestic
55002906,62.61,26.1,13.88,18.54,29.5,16.16,28.88,18.87,59.5,25.95,22.5,2,48,16,cl16tg9,international
55003693,67.28,29.71,23.5,0,27.38,18.38,22,18.54,63.78,27.72,47.5,2,79,16,cl16tg8,domestic
55012194,30.92,28.43,13.88,18.42,19.88,19.64,18.86,15.31,52.5,26.39,12.5,1.99,64,12,cl12tg9,domestic
55015622,51.33,27.95,21,17.85,18.5,19.04,24.6,17.59,56,28.94,35,1.72,44,3,cl3tg10,domestic
55020033,62.22,23.67,24.5,18.02,27,15.01,25.5,18.23,51.72,24.03,32.5,1.74,41,9,cl9tg5,international
55023052,67.67,28.64,13,15.87,25.5,13.91,23.4,0,51.1,22.47,25,1.96,48,19,cl19tg8,international
55029689,68.44,0,0,19.2,28,19.9,26.4,19.49,22.67,28.34,17.5,2,44,19,cl19tg4,international
55034773,33.44,29.75,15.3,17.03,18,18.93,22.07,20,44.33,25.46,42.5,2,10,11,cl11tg1,international
55037450,42.26,27.88,11.5,17.88,15,18.41,26.57,17.53,21.29,22.92,12.5,2,43,5,cl5tg2,domestic
55040166,57.17,26.16,10.88,20,27.75,17.77,25.5,14.99,37.33,0,27.5,1.36,61,20,cl20tg9,international
55043012,23.33,27.07,5.7,19.57,10.5,19.39,24.86,19.46,32.28,0,50,2,40,9,cl9tg9,international
55043245,30.72,27.59,11.44,16.92,21,18.95,18.86,11.63,52.79,28.19,22.5,0,44,15,cl15tg5,international
55044913,62.22,28.62,19.5,18.03,22,18.93,21.5,16.03,65.33,26.47,22.5,1.8,58,10,cl10tg9,domestic
55045486,60.67,29.23,0,0,0,16.06,28.2,17.53,9.22,26.76,22.5,2,78,12,cl12tg7,international
55046311,66.89,27.8,26,0,29,0,24.75,18.52,64.33,28.25,40,2,46,8,cl8tg11,international
55046722,33.54,28.98,0,0,27,16.98,27.43,18.44,33.44,0,0,2,10,21,cl21tg5,domestic
55054992,62.22,0,27.5,14.67,17.25,18.61,18.83,17.79,66.88,29.66,40,2,48,2,cl2tg10,international
55060115,46.08,0,3.56,0,0,0,27,16.61,0,24.04,50,1.74,55,21,cl21tg7,domestic
55061244,48.27,29.39,0,0,0,0,0,0,51.33,0,47.5,1.36,46,15,cl15tg1,international
55067572,19.98,28.4,22.13,15.19,28,20,29,17.77,59.11,27.82,15,1.56,57,10,cl10tg5,international
55068603,30.33,27.93,25.5,20,29,19.98,25.88,18.86,59.5,25.58,45,2,47,2,cl2tg2,international
55069569,63.29,28.9,0,0,0,0,21.75,17.07,0,0,35,1,41,10,cl10tg6,domestic
55079028,68.06,28.67,28.5,0,29,19,26.4,0,68.42,28.1,17.5,2,41,19,cl19tg4,international
55082800,0,27.52,22.65,18.23,22.5,19.16,23,19.03,56.08,18.78,40,2,75,6,cl6tg7,domestic
55084701,23.33,29.41,21.9,0,17,19.04,26.57,0,0,28.52,50,2,18,9,cl9tg2,domestic
55086940,65.92,29.42,15.94,18.24,13.5,18.56,18.86,17.42,42.39,0,22.5,1.92,41,3,cl3tg7,international
55091386,65.72,23.47,0,20,0,15.47,24,0,48.22,28.08,50,1.76,45,3,cl3tg1,international
55091989,16.92,0,8.5,0,9.5,0,24.75,0,39.81,27.9,40,0,41,8,cl8tg11,domestic
55092530,9.63,26.11,22.5,19,9,17.97,23.14,20,38.35,24.77,2.5,1.4,59,1,cl1tg10,domestic
55093578,60.67,29.26,26.81,19.21,23.7,19.17,21.56,19.82,0,29.66,42.5,0,48,9,cl9tg8,domestic
55095545,41.61,28.07,19,19.14,27,20,24,15.88,63.47,26.06,50,2,52,3,cl3tg2,domestic
55103067,32.67,27.45,0,16.2,26.5,14.54,23.25,17.37,37.33,27.33,37.5,2,39,17,cl17tg7,international
55107442,59.03,28.32,27.5,14.63,26.5,19.8,24,18.08,49.78,25.56,22.5,1.6,59,10,cl10tg8,domestic
55111020,66.5,27.77,12.75,18.42,0,18.78,23.63,0,64.75,29.46,0,0,40,8,cl8tg6,international
55113439,52.5,28.37,18.56,19.43,18,19.32,27.5,17.83,50.94,25.05,22.5,1.78,70,6,cl6tg4,domestic
55118614,66.11,29.75,23,19.8,22.69,19.15,26,15.13,64.4,27.91,32.5,2,47,21,cl21tg6,international
55126235,67.38,28.91,15.6,18.2,14,17.61,23.63,12.71,46.67,22.46,35,1.76,57,20,cl20tg3,international
55128040,66.97,28.58,16,18.01,0,17.6,23.25,16.68,57.56,0,42.5,0,39,10,cl10tg10,international
55137568,67.67,26.97,13.5,14.18,29,0,27.6,18.63,54.83,13.6,0,2,26,15,cl15tg9,international
55137781,65.04,28.31,16.5,17.38,28.88,18.19,24.38,0,63.78,28.88,17.5,2,41,15,cl15tg7,international
55147576,68.83,29.48,17,0,27,0,25.88,20,56,26.09,0,1.56,10,17,cl17tg9,international
55152121,40.83,0,0,17.76,5,19.11,18,17.83,56.39,28.45,0,2,52,21,cl21tg6,international
55161165,63,29.48,15.3,0,28.5,0,14.14,0,14,0,0,0,48,20,cl20tg10,international
55167140,36.28,29.23,0,15.93,2.25,18.17,26.14,17.18,45.5,27.49,50,0.42,64,4,cl4tg9,domestic
55169545,68.83,28.41,25.5,17.64,26,19.47,27.6,16.13,58.72,15.14,0,0,49,15,cl15tg9,international
55171050,69.42,28.25,13.5,18.41,28,18.2,28,17.67,63.78,0,35,2,46,19,cl19tg2,international
55172264,49,25.8,0,0,24.75,15.82,28.2,0,37.92,25.62,22.5,1.94,40,12,cl12tg7,international
55174826,68.25,0,28.5,8.08,27.5,0,28.88,14.44,59.89,0,25,1.78,44,16,cl16tg11,international
55176015,64.46,30,22.8,19.34,30,19.35,26.14,18.07,59.11,28.12,50,2,95,4,cl4tg9,international
55176075,60.67,27.26,23.5,0,11.25,16.53,23.25,16.5,59.5,0,42.5,0,40,6,cl6tg6,international
55177383,0,0,0,0,0,0,14.14,0,53.67,0,0,0,45,20,cl20tg7,international
55178239,39.67,26.38,21.5,18.37,10.5,18.58,24.75,0,36.17,13.26,40,0,40,8,cl8tg11,international
55179809,50.94,28.42,11.5,0,0,0,20.79,0,0,0,0,0,51,5,cl5tg5,domestic
55183377,66.5,27.43,25.13,19.06,30,19.51,24,16.04,61.44,29.24,47.5,2,81,21,cl21tg9,domestic
55186168,65.8,26.77,27,0,16.5,0,27,0,56.78,26.25,50,1.56,44,15,cl15tg4,international
55187830,0,28.51,12.5,17.58,23.5,15.7,28.29,10.97,30.72,23.81,50,1.82,10,6,cl6tg2,domestic
55189982,31.06,28.73,19,0,0,15.93,23.14,18.96,55.22,26.23,20,1.78,45,1,cl1tg9,domestic
55191144,35.19,28.55,20.5,16.79,18.75,16.32,22.35,0,51.72,28.12,42.5,2,56,2,cl2tg8,domestic
55196814,29.9,28.48,6,0,0,0,18,0,29.98,0,0,0,48,21,cl21tg8,domestic
55201979,36.94,22.18,0,0,0,0,27.5,0,42,0,0,0,10,18,cl18tg5,international
55208055,67.28,28.11,19,16.81,0,18.81,25.29,0,51.33,22.25,40,2,79,2,cl2tg6,international
55229638,37.72,29.35,20.5,18.39,17.5,19.6,15.5,15.4,48.13,28.61,35,1.88,68,1,cl1tg5,domestic
55230228,67.9,20.99,12.6,16.36,10.5,18.27,23.14,0,52.89,21.54,20,1.73,45,1,cl1tg9,international
55232469,57.75,29.16,21,17.14,25.5,18.28,21.75,17.88,58.04,28.37,47.5,2,44,12,cl12tg3,domestic
55242688,43.56,26.07,11.5,19.47,20.4,19.33,22.33,15.36,46.81,21.66,0,2,37,18,cl18tg8,international
55245123,40.06,29.84,15,16.36,10.5,17.26,25.5,18.15,29.94,24.41,10,2,36,16,cl16tg1,international
55248357,29.94,28.47,9.5,18.12,15.5,19.71,15.33,18.31,56.23,26.2,20,1.84,45,5,cl5tg9,domestic
55248657,0,28.52,9.38,0,0,0,22,18.87,3.5,0,40,1.23,29,7,cl7tg10,domestic
55252695,51.33,25.79,17.5,0,18.75,19.26,24,17.91,53.38,24.63,42.5,2,44,5,cl5tg7,domestic
55257027,69.71,28.45,15,18.65,22.5,17.94,27,20,64,23.09,7.5,2,69,8,cl8tg9,international
55259073,58.1,28.86,7.2,17.96,19.35,12.53,25.71,18.78,43.4,0,17.5,2,59,17,cl17tg8,international
55260471,45.5,29.87,9.38,0,6.5,13.4,23.14,10.05,56.73,21.32,15,2,44,7,cl7tg7,international
55260914,38.5,28.14,11.5,0,0,19.17,27,0,51.77,26.95,42.5,1.48,46,11,cl11tg9,domestic
55268289,50.46,28.71,21,0,18.5,18.33,26.63,19.08,61.83,26.48,40,1.86,50,18,cl18tg9,domestic
55270906,0,0,0,0,0,0,27.43,11.94,13.22,17.97,0,0,38,21,cl21tg5,international
55272189,0,29.91,17.44,18.49,14.5,16.02,24,17.74,58.1,24.23,30,2,48,19,cl19tg10,international
55272616,32.96,22.49,0,0,0,0,28,0,0,0,42.5,0,40,11,cl11tg8,international
55275070,51.72,30,10.31,13.06,20.25,18.94,28,17.35,50.6,28.97,42.5,2,85,7,cl7tg3,domestic
55281497,0,21.88,0,16.74,0,19.38,21.6,18.34,0,24.17,0,2,41,11,cl11tg5,domestic
55281765,37.92,29.31,0,0,16.5,18.76,22.71,19.28,47.83,24.36,12.5,2,55,3,cl3tg4,domestic
55288329,26.83,29.89,18.75,19.24,11.5,19.05,26,17.8,51.57,27.76,37.5,0,45,19,cl19tg9,international
55289827,63,0,23.7,17.56,24,18.84,26.4,18.24,57.17,24.4,22.5,0,49,19,cl19tg7,international
55293951,34.77,28.19,19.5,0,5.5,17.48,26.83,17.63,60.28,27.98,17.5,1.78,36,5,cl5tg3,domestic
55297087,36.56,0,15,0,16.69,13.3,26,17.17,56.39,25.9,37.5,0,48,19,cl19tg9,international
55297453,35.23,28.06,25.5,17.32,21.5,17.67,24,16.86,60.67,26.14,50,2,67,18,cl18tg4,domestic
55298179,66.89,28.96,18.5,16.47,28.13,18.9,27.43,18.65,54.98,26.5,17.5,2,26,5,cl5tg6,international
55301838,36.87,28.99,0,15.51,0,15.56,28.13,18.96,0,24.08,40,2,49,7,cl7tg1,international
55304614,49,25.63,20.5,18.86,21,18.84,24.43,17.34,68.06,29.08,17.5,2,58,4,cl4tg5,domestic
55308756,67.38,14.5,10.88,19.84,18.5,0,23.25,16.86,52.11,22.2,25,2,45,12,cl12tg4,international
55311015,0,27.77,0,0,0,0,27.75,0,43.02,20.68,22.5,0,44,11,cl11tg2,international
55313809,66.89,25.8,18.75,18.65,12.75,16.73,20.83,18.79,64.56,26.64,0,1.94,40,15,cl15tg3,international
55315626,64.56,28.36,21,16,27,20,22.5,17.74,61.44,26.77,25,2,68,8,cl8tg8,international
55316597,65.72,28.24,18.9,18.28,18.5,19.96,24,19.43,61.44,24.66,20,1.4,61,1,cl1tg4,domestic
55317994,52.06,0,24.21,13.72,6.5,16.55,28.88,17.52,43.56,27.95,37.5,1.66,50,2,cl2tg1,international
55328952,68.83,23.95,27.75,18.89,26.5,17.59,22.07,18.67,61.69,22.75,32.5,2,28,20,cl20tg5,international
55341553,40.06,23.96,23.1,20,19,18.33,25,16.16,59.89,27.82,10,1.06,48,15,cl15tg2,domestic
55343103,60.67,0,0,0,0,0,23.63,0,57.87,0,35,0,47,20,cl20tg3,international
55349362,17.35,28.82,17.5,17.46,4.5,18.26,24,17.44,31.21,0,20,1.14,25,1,cl1tg4,domestic
55350482,48.07,29.17,25.5,20,25.31,19.7,26.14,17.96,64.94,25.4,50,1.8,40,4,cl4tg9,domestic
55350948,69.42,27.82,26,20,20.1,19.39,28.29,17.63,60.43,26.67,50,2,94,6,cl6tg2,domestic
55353197,60.67,15.98,9,18.16,0.5,0,21.21,17.73,45.89,27.72,27.5,0.56,53,10,cl10tg3,domestic
55361281,0,26.92,10,14.63,6,17.49,23.25,14.77,51.33,0,37.5,0.74,48,17,cl17tg7,domestic
55362679,57.17,29.31,18.38,18.97,26.5,19.21,25.5,14.29,52.79,26.78,32.5,1.68,40,1,cl1tg8,domestic
55367770,69.61,29.38,23.7,15.38,27.38,0,22.33,0,59.5,24.8,0,1.52,67,18,cl18tg8,international
55372637,0,29.84,22,9.4,25,18.16,23,16.66,56,29.26,25,1.42,59,7,cl7tg6,domestic
55375166,68.44,28.37,26.25,19.79,28,19.15,22.71,19.45,51.57,25.05,12.5,0,41,3,cl3tg4,international
55381416,15.56,0,20.5,17.68,0,18.86,26.5,19.46,32.55,0,50,1.88,35,8,cl8tg4,domestic
55382977,43.94,0,19.5,18.3,15.38,18.14,19,0,44.33,23.75,0,0,10,12,cl12tg6,domestic
55384280,48.22,28.05,0,0,18,0,23.4,0,54.83,28,25,1.56,41,19,cl19tg8,domestic
55389445,68.06,25.32,21,19.99,30,18.57,20.5,18.33,64.56,28.38,50,0,93,18,cl18tg2,international
55393581,54.44,27.48,3,0,4.5,20,22.71,18.61,53.52,29.78,30,2,68,10,cl10tg2,domestic
55395823,65.92,28.49,20.25,19.7,24,19.3,22.88,17.92,57.64,27.3,50,2,92,5,cl5tg1,domestic
55397715,54.44,29.26,3.5,12.04,12.5,19.29,27.86,0,47.06,25.92,32.5,2,46,4,cl4tg4,domestic
55399722,55.22,27.98,20.1,17.73,14.25,17.3,24.33,19.73,49.58,26.52,35,2,61,3,cl3tg8,domestic
55404242,58.33,27.35,22,18.31,21,18.19,21.5,19.02,59.11,18.33,22.5,0,33,10,cl10tg9,international
55405416,56.58,25.78,23.1,18.46,26.1,17.69,25.88,16.47,51.92,25.6,0,0,61,17,cl17tg9,domestic
55405623,25.08,28.46,19.13,16.21,18.5,19.31,24.38,13.85,46.67,24.28,40,2,40,4,cl4tg6,domestic
55407119,69.07,27.85,25.88,19.4,26.25,19.65,20.79,19.1,59.11,21.93,0,0,36,5,cl5tg5,international
55407234,21,0,0,0,0,0,15.5,0,0,0,35,0,10,4,cl4tg3,domestic
55417932,40.83,25.51,16.5,19.1,19.13,16.42,28.88,0,0,26.85,42.5,2,10,11,cl11tg3,domestic
55419016,35.58,23.16,19.5,18.55,6,17.54,24,17.94,57.94,26.91,47.5,1.4,41,21,cl21tg9,domestic
55419812,59.21,29.11,24,20,27.3,18.75,29,18.26,61.44,28.32,30,2,64,17,cl17tg4,domestic
55420690,62.22,28.24,21,19.78,28.35,19.48,23.14,17.23,61.83,27.4,20,1.76,10,1,cl1tg9,domestic
55420710,64.46,0,25,14.45,23.25,18.06,19,18.99,57.9,24.64,30,0,44,12,cl12tg9,international
55422569,23.33,26.71,0,0,16,0,23.57,15,35.29,22.67,45,2,44,8,cl8tg2,domestic
55423439,68.37,0,21.9,0,28.35,15.8,24,18.42,61.83,26.96,50,0,59,9,cl9tg7,domestic
55427098,25.38,23.94,22.5,19.48,13.5,19.57,20.33,17.71,46.67,25.68,42.5,2,61,10,cl10tg7,domestic
55427928,0,23.49,9,18.44,22.5,17.02,23.14,19.63,50.17,22.4,15,2,66,7,cl7tg3,international
55434621,24.5,26.08,1,0,0,0,25.2,0,29.17,25.25,40,0,40,9,cl9tg6,domestic
55435761,0,20,6.5,18.05,0,14.79,24.43,19.56,42.44,24.34,17.5,1.6,50,4,cl4tg5,domestic
55438766,69.61,26.78,22.31,19.06,19.5,19.59,28,18.86,58.33,27.14,42.5,2,90,7,cl7tg7,domestic
55439333,68.06,28.52,20.5,17.47,21,19.7,20.57,19.04,58.33,24.54,40,2,87,1,cl1tg1,domestic
55446409,63.44,0,0,0,0,0,27.43,0,46.28,0,17.5,0,10,5,cl5tg6,international
55447004,37.33,0,10.8,19.71,0,17.34,19,0,56.44,0,0,0,44,12,cl12tg6,domestic
55451189,66.11,29.25,14.5,12.33,28.88,18.9,23.25,15.34,56.15,28.93,50,2,60,12,cl12tg2,international
55452914,0,27.25,27.38,19.7,15.5,19.4,21.75,19.11,45.11,27.18,35,0,44,10,cl10tg6,domestic
55462622,59.21,26.7,0,19.17,16.5,19.63,21.64,16.98,52.5,27.29,32.5,2,61,17,cl17tg3,domestic
55462777,56.47,29.11,25,19.23,25,19.3,25.5,16.22,60.28,26.44,32.5,1.88,48,1,cl1tg5,domestic
55462947,68.83,26.9,13.5,18,27.19,19.02,26.83,18.5,55.27,29.28,17.5,1.72,77,5,cl5tg3,international
55466077,33.83,23.54,18.5,18.6,12.38,19.99,27,17.55,37.63,25.7,42.5,1.8,42,11,cl11tg9,domestic
55471903,0,29.25,0,0,15,17.08,7.8,0,45.89,21.88,40,2,49,19,cl19tg5,domestic
55473620,46.67,27.91,10.5,19.77,21,17.39,16,18.37,66.19,25.31,45,2,57,2,cl2tg5,international
55482087,41.88,28.29,0,0,0,0,24.5,19.04,0,19.34,12.5,2,43,4,cl4tg3,domestic
55482304,61.13,26.44,9.5,0,13.5,15.29,26.57,19.24,52.65,25.6,32.5,1.9,86,18,cl18tg1,domestic
55482839,22.4,29.73,25.5,19.05,21,19.03,28.29,19.72,40.44,28.19,45,2,47,7,cl7tg2,domestic
55486969,36.56,30,12,15.26,15.5,18.58,25,17.08,51.92,28.06,35,1.24,30,20,cl20tg2,international
55487805,29.63,28.12,22,19.1,15,20,20.83,15.05,0,27.09,0,2,44,15,cl15tg3,international
55489312,46.67,27.82,17.5,14.14,21,18.88,23.14,18.79,50.75,24.36,40,1.92,58,20,cl20tg8,domestic
55492336,67.08,29.09,29,18.3,28.5,18.86,28,20,63.39,21.09,35,2,36,19,cl19tg2,international
55495124,35.58,28.84,17.5,18.16,16.5,0,20.83,16.75,0,30,32.5,2,36,9,cl9tg3,domestic
55500658,34.22,29.7,21,0,0,0,23.25,0,0,22.41,50,2,49,12,cl12tg2,domestic
55510277,36.17,26.61,15.94,0,17.5,0,24,20,30.33,25.94,47.5,1.8,42,21,cl21tg9,domestic
55517083,0,19.5,0,0,0,12.57,22.8,0,24.06,26.11,50,1.52,84,11,cl11tg6,domestic
55517604,69.61,21.7,24,15.61,27,18.71,29.14,18.86,64.56,13.83,45,2,50,16,cl16tg2,international
55524465,70,27.58,28.5,16.59,24.5,15.73,24,17.58,50.98,23,50,1.22,46,11,cl11tg7,international
55529776,57.56,26.61,26.25,18.26,27.5,19.54,26.57,16.98,54.36,27.45,12.5,1.76,40,5,cl5tg2,international
55536614,28.88,29.15,17,19.4,14.25,19.6,27.43,19.35,46.2,25.78,17.5,2,46,5,cl5tg6,domestic
55537632,32.67,28.4,24.5,19.1,18,18.93,24.38,17.69,55.5,29.74,22.5,1.96,55,21,cl21tg2,domestic
55540716,0,0,11.5,0,8.5,0,28,0,48.61,0,45,2,24,7,cl7tg8,international
55540923,47.13,28.13,15.5,0,0,18.7,27.5,18.92,52.89,26.83,0,2,37,18,cl18tg5,international
55550491,66.11,27.97,15.38,18.97,22.05,18.79,18.86,17.34,57.17,28.75,12.5,2,45,9,cl9tg10,domestic
55551847,33.83,25.83,26.63,18.4,22,18.78,23.25,19.03,62.13,26.74,50,2,64,12,cl12tg2,domestic
55555156,20.22,24.64,16.88,17.6,23,19.19,26.44,19.29,62.22,26.54,42.5,1.76,10,6,cl6tg3,international
55556764,57.17,29.46,19.35,0,18,12,26.83,16.07,59.5,25.67,17.5,1.8,46,5,cl5tg3,international
55562962,64.17,28.87,28,13.63,24,18.95,24,18.19,54.83,27.69,50,2,60,18,cl18tg4,international
55565461,69.22,26.14,28,18.26,26,17.6,24,19.66,57.56,25.05,47.5,1.9,53,5,cl5tg10,international
55565770,57.46,27.33,22.5,18.7,14,18.69,28.29,17.54,63.47,23.79,32.5,2,67,8,cl8tg1,domestic
55566407,37.33,28.44,16.5,16.98,3.5,17.3,27.38,14.02,35.58,0,0,2,36,11,cl11tg4,international
55568853,60.67,26.38,23.5,19.4,17.5,18.16,23.14,18.29,51.77,26.48,2.5,0.46,32,1,cl1tg10,international
55568917,51.33,28.86,19,19.44,28.5,20,25.5,16.1,54.95,18.95,45,1.62,68,5,cl5tg11,domestic
55573759,55.65,24.74,15.5,14.63,24.5,14.3,26.5,15.2,55.56,29.44,47.5,2,80,17,cl17tg1,international
55579809,66.5,28.24,26,19.29,28.88,20,29.25,19.22,59.79,20.53,0,2,33,18,cl18tg3,international
55582872,69.42,28.97,14.5,18.51,14.5,17.13,24.38,16.26,63.17,24.9,17.5,2,46,16,cl16tg6,international
55585125,40.83,27.91,13.69,0,12.5,19.06,27,0,49.7,25.04,30,2,39,6,cl6tg8,domestic
55585719,66.11,29.2,17.5,19.83,19.88,19.28,27,18.57,49.78,0,37.5,1.24,40,2,cl2tg3,international
55587837,18.2,15.42,0,17.12,8.5,18.8,20,17.76,47.25,17.43,35,1.8,33,3,cl3tg3,international
55590520,46.93,0,20.5,0,18.5,18.01,22.29,0,67.67,26.83,45,2,45,16,cl16tg10,domestic
55590715,48.42,26.68,9.5,17.16,10,0,23.57,0,56.29,23.01,0,0,46,20,cl20tg4,international
55596349,60.08,29.92,26.25,19.1,23,18.8,29,20,67.96,22.78,30,2,84,21,cl21tg3,domestic
55603180,28.78,28.39,28,19.41,4,17.88,27,18.86,49.93,26.25,15,2,50,3,cl3tg5,domestic
55626980,68.06,29.42,19.13,17.77,14,0,26.44,18.02,52.89,0,42.5,1.32,41,6,cl6tg3,international
55630878,26.83,26.5,18.6,16.77,21.38,17.5,25.71,18.16,48.22,25.58,17.5,2,41,17,cl17tg8,international
55637062,32.67,27.31,18,19.1,19,19.81,24,18.43,57.17,27.44,42.5,2,43,5,cl5tg7,domestic
55637548,69.13,28.37,27.5,18.46,26,19.9,24.38,18.99,65.72,28.37,17.5,1.98,45,16,cl16tg6,international
55639391,54.44,26.16,17,18.15,22.5,19.7,26.06,16.17,58.33,26.02,12.5,1.74,47,20,cl20tg10,domestic
55642327,31.11,28.17,0,0,0,0,27.5,0,0,0,17.5,1.06,10,7,cl7tg5,domestic
55643215,0,27.58,0,0,25.65,0,29,16.59,45.73,0,15,1.6,10,10,cl10tg5,domestic
55652694,64.94,26.78,27,18.81,30,18.46,28.13,17.37,58.33,29.83,50,1.88,10,15,cl15tg8,domestic
55652816,64.17,28.31,14.44,18.32,28.88,18.17,23.25,19.26,63.39,25.91,42.5,1.92,91,6,cl6tg6,domestic
55656718,66.21,27.13,27,18.38,26,19.06,20.83,17.04,53.96,24.77,0,1.94,82,15,cl15tg3,international
55665496,0,29.13,25.5,19.47,25.88,20,22.5,17.04,57.17,27.38,30,1.92,45,4,cl4tg1,international
55669545,10.62,28.92,19.13,15.68,14.5,19,23.57,16.8,52.97,22.22,0,1.48,40,20,cl20tg4,domestic
55678229,58.33,30,19,0,16,19.7,24.38,16.06,56.39,28.21,50,2,82,1,cl1tg2,international
55683238,29.56,27.71,14.7,0,18.9,20,24,0,61.25,0,30,2,33,19,cl19tg10,international
55684500,0,28.2,12.5,8.27,28,13.47,18,0,41.42,24.05,0,2,58,21,cl21tg6,international
55685455,55.42,27.87,12.6,16.59,13.5,17.38,23.57,19.46,49.17,29.46,45,1.9,80,8,cl8tg2,domestic
55687946,63.39,27.9,18.5,0,17,18.84,27.5,17.51,49.78,26.27,22.5,1.76,64,6,cl6tg4,domestic
55688899,46.67,0,15.3,18.32,20.5,19.69,24.86,18.86,54.06,20.84,32.5,2,68,15,cl15tg6,domestic
55697494,68.25,29.27,16,16.81,29.63,19.5,26.57,19.12,60.67,19.25,42.5,2,84,12,cl12tg10,international
55698171,24.21,0,0,0,0,0,27,18.96,60.67,14.11,47.5,2,45,21,cl21tg10,international
55700416,52.11,29,22.5,18.87,29.5,19.98,20.5,16.7,66.11,28.27,50,2,40,18,cl18tg2,international
55703332,46.67,24.73,24.5,16.91,17.5,17.59,22.35,19.04,56,27.74,42.5,1.72,64,2,cl2tg8,domestic
55715489,67.08,30,25,17.7,28,20,28.31,19.15,59.5,29,47.5,2,41,16,cl16tg5,international
55717888,34.42,26.59,6.56,18.75,6.5,15.63,27.43,17.5,47.83,26.18,22.5,1.68,42,2,cl2tg7,domestic
55717991,67.28,28.59,22.5,0,14.5,0,16.8,0,37.72,26.67,25,1.14,49,20,cl20tg6,international
55719744,67.28,28.04,23,13.02,27.38,14.69,27,0,55.69,0,7.5,2,10,8,cl8tg9,international
55727120,11.67,30,12.5,16.54,26.25,19.64,25.29,16.67,53.67,23.58,32.5,2,47,4,cl4tg7,international
55735632,65.04,25.55,18,19.34,20,20,23.25,16,63,27.39,42.5,1.64,80,6,cl6tg6,international
55739524,70,26.33,27.56,20,30,18.77,25,16.64,62.71,28.65,47.5,1.86,89,5,cl5tg8,domestic
55745232,64.56,28.12,26.25,17.4,24,19.67,23.25,18.11,59.5,22.88,15,1.8,45,19,cl19tg3,international
55748405,61.95,27.93,12.6,16.91,26.25,17.6,16.8,17.91,57.56,23.87,25,0.8,40,20,cl20tg6,international
55748622,60.67,28,18.75,0,14.5,19.38,7.8,19.61,47.54,27.43,40,2,64,19,cl19tg5,international
55751960,0,27.31,20.5,13.06,15,17.97,24.6,0,49,0,47.5,1.52,49,1,cl1tg6,domestic
55753102,65.04,28.43,6.6,20,21,17.2,23.63,17.6,54.44,0,35,1.56,42,20,cl20tg3,international
55755095,66.01,27.78,23.63,19.77,29,18.34,22,18.06,59.21,24.67,10,1.6,41,2,cl2tg4,international
55757821,66.89,24.6,15,14.98,18.15,18.51,24,19.02,52.03,19.78,50,0,33,9,cl9tg7,international
55759137,48.22,26.83,21.9,11.28,16,19.1,28.88,19,51.33,0,42.5,1.98,33,11,cl11tg3,international
55760563,47.37,27.17,0,18.92,3.5,12.06,24.5,0,44.33,25.32,12.5,2,61,3,cl3tg9,domestic
55761820,34.71,27.53,15.5,0,19.88,0,21.5,18.93,60.08,25.05,22.5,1.72,72,10,cl10tg9,domestic
55764182,45.21,29.7,26.1,18.85,20.5,19.7,20.5,16.58,57.17,26.38,50,2,48,18,cl18tg2,domestic
55765294,65.63,28.27,6,0,26.5,16.15,24,19.18,55.58,25.59,32.5,2,52,6,cl6tg5,international
55771426,26.83,0,9,17.36,10.5,17.95,23.14,13.25,47.98,10.07,40,1.6,37,20,cl20tg8,international
55774753,35.19,26.65,0,0,0,0,22.88,0,0,0,50,0.38,10,5,cl5tg1,domestic
55777718,50.46,24.54,0,17.88,0,19.3,25.5,0,0,22.16,45,1.64,61,5,cl5tg11,domestic
55778640,68.83,29.02,15.5,15.88,25.13,9.94,19,0,51.57,25.6,30,0,51,9,cl9tg10,international
55780541,53.9,25.99,24,19.38,17.1,18.71,21.21,19.29,50.94,0,27.5,2,89,10,cl10tg3,domestic
55780975,60.67,28.81,17.25,18.35,28.5,19.64,21.75,17.25,54.11,25.78,0,0,46,8,cl8tg10,international
55781174,50.75,0,17,0,15.45,18.65,20,17.5,0,26.45,35,1.8,70,3,cl3tg3,domestic
55782102,24.89,0,12,0,24.38,0,21.6,0,0,0,0,0,10,11,cl11tg5,international
55784139,66.5,23.27,28,19.05,25.5,16.81,24.38,19.75,53.28,25.45,50,1.98,47,1,cl1tg2,international
55784357,63,27.69,18.5,15.45,29.5,18.86,26.4,16.88,64.94,25.22,22.5,0,25,19,cl19tg7,international
55785385,63.23,28.87,17.1,18.01,24,18.78,23.14,14.66,52.97,27.12,20,2,72,1,cl1tg9,domestic
55789123,50.17,29.65,24.5,20,28.5,19.02,26.5,0,64.75,0,47.5,2,69,17,cl17tg1,domestic
55790967,66.5,29.48,14,14.52,29.5,20,25.71,20,52.5,21.66,17.5,2,43,17,cl17tg8,international
55792217,37.19,28.54,17.5,19.49,23.25,18.8,26,0,43.56,18.12,32.5,1.94,45,21,cl21tg8,domestic
55806781,0,0,0,0,0,0,28.8,0,0,0,0,2,10,16,cl16tg3,domestic
55814545,69.13,28.99,16,0,23,0,26.25,0,50.56,0,30,0,45,9,cl9tg4,international
55814839,60.08,26.72,14,17.88,28,18.94,26.06,15.64,61.83,24.02,12.5,1.74,44,20,cl20tg7,international
55819231,38.21,30,10.5,19.16,14.06,18.8,22,19.46,42.39,27.92,40,0.76,30,7,cl7tg10,international
55820623,42.29,27.12,0,0,0,0,0,0,14,28.45,47.5,1.4,25,15,cl15tg1,domestic
55820794,44.8,29.15,19,20,23.5,0,24,14.58,33.06,21.63,32.5,1.12,45,1,cl1tg7,international
55836543,7.39,27.64,27.5,18.83,22,18.4,23.14,17.4,46.28,24.62,2.5,1.86,40,1,cl1tg10,domestic
55837694,64.46,22.78,26.5,18.95,29.5,20,22.5,17.67,60.67,29.36,25,2,49,8,cl8tg8,international
55842485,61.83,29.75,26.25,18.5,20.4,19.96,28,19.92,54.44,29.26,42.5,2,71,7,cl7tg7,domestic
55845013,51.33,29.24,16.5,18.37,13.5,18.52,25.2,19.42,36.17,25.09,40,0,56,9,cl9tg6,domestic
55845785,10.6,25.81,0,17.59,18.38,18.82,19.2,20,54.44,24.29,30,1.94,40,17,cl17tg5,international
55851327,59.97,25.64,21,17.75,16.5,18.84,22,17.75,41.85,25.45,40,2,55,18,cl18tg6,international
55851625,47.25,29.08,16.35,18.8,26,19.08,24.6,18.01,53.67,24.65,35,1.6,90,6,cl6tg9,domestic
55860300,31.11,27.88,12,19.37,18.5,18.81,27.5,18.99,41.61,29.84,17.5,2,44,7,cl7tg5,international
55862183,43.4,0,0,0,0,0,23.14,0,0,0,15,0,10,8,cl8tg8,international
55863677,70,27.31,11.7,19.46,4,18.51,24,19.15,66.5,30,32.5,1.44,49,1,cl1tg7,domestic
55867394,69.71,28,23.63,18.76,26,19.95,24,19.24,64.51,25.89,32.5,2,42,6,cl6tg5,international
55871632,67.38,26.76,27.5,19.18,24,18.5,23.25,19.04,55.33,21.59,37.5,2,44,17,cl17tg2,international
55872151,26.37,29.21,19.5,0,0,20,27,19.13,32.28,0,15,2,42,3,cl3tg5,domestic
55874771,10.5,26.94,13,18.35,24.19,20,19.29,0,21.23,0,0,1.64,10,2,cl2tg9,domestic
55880032,59.27,0,0,14.59,15,18.5,26.57,11.5,0,29.85,42.5,1.86,77,12,cl12tg10,international
55881546,68.83,26.76,29.25,8.7,0,0,25.88,0,55.77,20.76,0,1.52,49,17,cl17tg9,international
55882961,49.78,26.84,18.5,19.5,26,19.96,26.44,18.86,59.97,25.66,42.5,1.92,42,6,cl6tg3,domestic
55897808,36.17,28.59,17.25,0,20.5,18.89,24.6,17.44,56.78,0,35,1.2,63,6,cl6tg9,international
55900350,61.54,29.98,20,0,14.5,15.44,26.33,18.32,52.79,23,35,0,33,10,cl10tg1,international
55901281,8.17,0,4.5,0,27,0,29,14.8,62.22,23.65,30,0,43,17,cl17tg4,international
55902573,30.45,28.25,16,20,14.85,19.7,15.33,14.44,43.94,0,20,1.46,46,5,cl5tg9,domestic
55905403,34.42,25.96,16.5,19.58,23.5,19.34,24,0,0,25.85,50,1.76,10,11,cl11tg7,domestic
55912788,51.8,0,10,19.38,13.5,0,22,0,38.27,24.87,10,1.52,41,2,cl2tg4,international
55913369,55.22,27.38,18.5,0,7,0,24.6,18.48,56,28.92,47.5,1.92,66,1,cl1tg6,domestic
55916935,64.4,27.91,30,16.19,28,18.64,24,18.38,59.94,27.7,50,1.9,83,11,cl11tg7,domestic
55917993,33.83,26.67,10.5,19.54,0,19.47,19,18.37,64.94,27.08,0,0,43,12,cl12tg6,domestic
55920201,38.38,27.45,23,19.98,19.5,19.8,24.6,14.07,34.85,26.06,35,1.74,52,6,cl6tg9,domestic
55921463,52.21,27.12,17,18.56,12,17.88,21.5,19.35,52.27,18.07,37.5,1.84,40,19,cl19tg1,domestic
55923594,12.44,26.63,0,0,0,0,23.25,0,0,0,25,0,10,12,cl12tg4,domestic
55927206,22.46,28.12,0,18.67,23,19.4,23.25,0,0,26.54,15,1.76,51,19,cl19tg3,domestic
55928520,57.17,28.43,23,18.69,22,18.4,28.8,18.67,0,24.96,0,0,64,16,cl16tg3,domestic
55932906,70,28.67,28.5,19.7,29,19.45,23.63,15.22,61.83,27.8,0,2,47,8,cl8tg6,international
55933053,62.85,29.86,24.5,17.31,0,18.96,25,0,65.33,28.75,35,1.62,61,20,cl20tg2,international
55937364,61.69,27.02,12.5,19.99,28,18.8,22.5,13.11,64.75,24.39,25,1.2,71,8,cl8tg7,domestic
55946111,62.22,26.83,26.63,18.41,29,16.34,26.4,19.52,49.15,27.05,27.5,2,46,15,cl15tg7,international
55948388,36.02,28.64,14.5,0,26.63,0,27,17.69,28,0,42.5,1.25,10,11,cl11tg9,international
55950070,66.5,29.51,13.5,15.73,28.5,19.4,23.57,0,53.2,29.08,42.5,1.8,47,4,cl4tg8,international
55950963,25.9,27.58,8.5,0,7.13,19.05,28,0,49.58,23.6,42.5,1.92,60,11,cl11tg8,domestic
55952559,27.07,26.21,18.5,0,9,18.8,27.5,17.85,41.61,24.39,17.5,1.32,10,7,cl7tg5,international
55960134,68.25,26.3,17.63,15.95,29.5,20,29.25,0,58.72,27.39,0,2,48,18,cl18tg3,international
55961633,21.88,25.4,7.5,14.21,20.63,14.91,25,15.83,52.5,25.44,47.5,1.72,10,5,cl5tg8,international
55964288,62.27,29.17,0,19.28,15,19.97,16.8,19.72,34.42,26.79,17.5,1.18,80,6,cl6tg11,domestic
55969705,63,30,19,19.5,26.25,19.3,25.88,18.15,60.96,25.41,45,1.82,90,2,cl2tg2,domestic
55971994,47.06,0,0,0,0,0,24.38,0,40,0,40,0,61,21,cl21tg4,international
55973433,67.38,28.34,18.5,10.42,21.75,12.7,19.29,18.01,59.11,17.15,0,0,55,2,cl2tg9,international
55975964,0,26.84,19.5,18.75,6.5,17.39,28,17.65,48.61,0,45,2,33,7,cl7tg8,domestic
55981165,28.35,29.35,14,19.22,14.1,19.9,15.33,20,43.17,27.39,20,1.76,46,5,cl5tg9,domestic
55999975,0,15.16,13,0,8.4,11.54,25.29,18.9,32.67,12.89,15,1.88,48,21,cl21tg1,international
